<?xml version="1.0" encoding="utf-8" ?>
<tincan xmlns:xsi="http://www.w3.org/2001/XMLSchema-instance" xmlns:xsd="http://www.w3.org/2001/XMLSchema" xmlns="http://projecttincan.com/tincan.xsd">
  <activities>
    <activity id="http://CVRBwM4pr955T7w5VaRCUOFE9zfZXe-x_rise" type="http://adlnet.gov/expapi/activities/course">
      <name lang="en-US">Unlock Your Hustle</name>
      <description lang="en-US">Discover your inner leader.</description>
      <launch lang="en-US">index.html</launch>
    </activity>
      <activity id="http://CVRBwM4pr955T7w5VaRCUOFE9zfZXe-x_rise/aPW5Bff9bqASfuN01rYBGDlCgCjo3dFn" type="http://adlnet.gov/expapi/activities/module">
      <name lang="en-US">What are we talking about?/blocks</name>
      <description lang="en-US"></description>
    </activity>
          <activity id="http://CVRBwM4pr955T7w5VaRCUOFE9zfZXe-x_rise/LIaCbCQkpwDIcCDKjVtT9tEA3B742lJZ" type="http://adlnet.gov/expapi/activities/module">
      <name lang="en-US">Why does this matter?/blocks</name>
      <description lang="en-US"></description>
    </activity>
          <activity id="http://CVRBwM4pr955T7w5VaRCUOFE9zfZXe-x_rise/77MTICoFTAnm8I1ApajSvmGFP5aow7jq" type="http://adlnet.gov/expapi/activities/module">
      <name lang="en-US">Mastery question/quiz</name>
      <description lang="en-US">A quick question about Scott Dinsmore&amp;#39;s talk before we continue this lesson!</description>
    </activity>
            
    <activity id="http://CVRBwM4pr955T7w5VaRCUOFE9zfZXe-x_rise/77MTICoFTAnm8I1ApajSvmGFP5aow7jq/ckbleto1300073g5ys9odsw0i" type="http://adlnet.gov/expapi/activities/cmi.interaction">
      <name lang="en-US">What does the speaker say you need to know about yourself to become a self-expert and create your own definition of success? (check all that apply)</name>
      <description lang="en-US"></description>
      <interactionType>choice</interactionType>
      <correctResponsePatterns>
            <correctResponsePattern>choice_ckbleto1300073g5ys9odsw0i_ckbleto1300083g5y0e2ofmyl</correctResponsePattern>
            <correctResponsePattern>choice_ckbleto1300073g5ys9odsw0i_ckbleto13000b3g5yn8mn635u</correctResponsePattern>
            <correctResponsePattern>choice_ckbleto1300073g5ys9odsw0i_ckbmty0xv003g3g5yfmrjnlsc</correctResponsePattern>
            </correctResponsePatterns>
            <choices>
            <component>
        <id>choice_ckbleto1300073g5ys9odsw0i_ckbleto1300083g5y0e2ofmyl</id>
        <description lang="en-US">your unique strengths</description>
      </component>
            <component>
        <id>choice_ckbleto1300073g5ys9odsw0i_ckbleto13000a3g5ykt34n7p7</id>
        <description lang="en-US">where you want to work</description>
      </component>
            <component>
        <id>choice_ckbleto1300073g5ys9odsw0i_ckbleto13000b3g5yn8mn635u</id>
        <description lang="en-US">learnings from your experiences</description>
      </component>
            <component>
        <id>choice_ckbleto1300073g5ys9odsw0i_ckbleto1300093g5ya7o2drbk</id>
        <description lang="en-US">your major</description>
      </component>
            <component>
        <id>choice_ckbleto1300073g5ys9odsw0i_ckbmtxxni003f3g5yb824wrl7</id>
        <description lang="en-US">how much money you want to make</description>
      </component>
            <component>
        <id>choice_ckbleto1300073g5ys9odsw0i_ckbmty0xv003g3g5yfmrjnlsc</id>
        <description lang="en-US">your values</description>
      </component>
            </choices>
          </activity>
              <activity id="http://CVRBwM4pr955T7w5VaRCUOFE9zfZXe-x_rise/0Dmr_HPaqxjk5rvOm_jYx1SWG402pzU3" type="http://adlnet.gov/expapi/activities/module">
      <name lang="en-US">Pulse check/blocks</name>
      <description lang="en-US"></description>
    </activity>
          <activity id="http://CVRBwM4pr955T7w5VaRCUOFE9zfZXe-x_rise/nj8SqNMbFB1OXh-UTgILvdqUUlVB_2a_" type="http://adlnet.gov/expapi/activities/module">
      <name lang="en-US">How do I do this?/blocks</name>
      <description lang="en-US"></description>
    </activity>
          <activity id="http://CVRBwM4pr955T7w5VaRCUOFE9zfZXe-x_rise/yp-i-nqjQNqHbMpI4sqGbqxpqyMneka-" type="http://adlnet.gov/expapi/activities/module">
      <name lang="en-US">How to define what&#39;s important to you/blocks</name>
      <description lang="en-US"></description>
    </activity>
          <activity id="http://CVRBwM4pr955T7w5VaRCUOFE9zfZXe-x_rise/ehfQvgrEH-PqzCPnLGjVJPmNFZg22I5m" type="http://adlnet.gov/expapi/activities/module">
      <name lang="en-US">How to define your strengths/blocks</name>
      <description lang="en-US"></description>
    </activity>
          <activity id="http://CVRBwM4pr955T7w5VaRCUOFE9zfZXe-x_rise/1jI_z_FcPErAGI_PsJMLhftYLT4x6ylw" type="http://adlnet.gov/expapi/activities/module">
      <name lang="en-US">Test your knowledge/quiz</name>
      <description lang="en-US">Remember that the skills matrix is only part of a larger equation to become a career-ready college graduate. Can you remember what the other parts of the equation are (hint: they&amp;#39;re also in your syllabus)? Click all of the parts of the Braven Equation below.</description>
    </activity>
            
    <activity id="http://CVRBwM4pr955T7w5VaRCUOFE9zfZXe-x_rise/1jI_z_FcPErAGI_PsJMLhftYLT4x6ylw/ckbmtkogx00043g5ynz603sj7" type="http://adlnet.gov/expapi/activities/cmi.interaction">
      <name lang="en-US">Enter a question title here...</name>
      <description lang="en-US"></description>
      <interactionType>choice</interactionType>
      <correctResponsePatterns>
            <correctResponsePattern>choice_ckbmtkogx00043g5ynz603sj7_ckbmtkogx00063g5ypmiq22yg</correctResponsePattern>
            <correctResponsePattern>choice_ckbmtkogx00043g5ynz603sj7_ckbmv3wan005q3g5y84nlfc0t</correctResponsePattern>
            </correctResponsePatterns>
            <choices>
            <component>
        <id>choice_ckbmtkogx00043g5ynz603sj7_ckbmtkogx00053g5yir8cr5u1</id>
        <description lang="en-US">Network</description>
      </component>
            <component>
        <id>choice_ckbmtkogx00043g5ynz603sj7_ckbmtkogx00063g5ypmiq22yg</id>
        <description lang="en-US">Skills</description>
      </component>
            <component>
        <id>choice_ckbmtkogx00043g5ynz603sj7_ckbmv3qdd005o3g5ya81opo4x</id>
        <description lang="en-US">Experience</description>
      </component>
            <component>
        <id>choice_ckbmtkogx00043g5ynz603sj7_ckbmv3tpe005p3g5y6uznqdp4</id>
        <description lang="en-US">Time Management</description>
      </component>
            <component>
        <id>choice_ckbmtkogx00043g5ynz603sj7_ckbmv3wan005q3g5y84nlfc0t</id>
        <description lang="en-US">Confidence</description>
      </component>
            </choices>
          </activity>
              <activity id="http://CVRBwM4pr955T7w5VaRCUOFE9zfZXe-x_rise/Lr706K8aznXhMi6tJiygNhyXMAYf4llm" type="http://adlnet.gov/expapi/activities/module">
      <name lang="en-US">Follow up/blocks</name>
      <description lang="en-US"></description>
    </activity>
          <activity id="http://CVRBwM4pr955T7w5VaRCUOFE9zfZXe-x_rise/hDOcPmjvCxl6wn1gRYpl-dIuwxztljA7" type="http://adlnet.gov/expapi/activities/module">
      <name lang="en-US">How to define your hustle/blocks</name>
      <description lang="en-US"></description>
    </activity>
          <activity id="http://CVRBwM4pr955T7w5VaRCUOFE9zfZXe-x_rise/NPsvCjFvK2c9STqetVj2xW-ZJ440J-Ae" type="http://adlnet.gov/expapi/activities/module">
      <name lang="en-US">Mastery question/quiz</name>
      <description lang="en-US"></description>
    </activity>
            
    <activity id="http://CVRBwM4pr955T7w5VaRCUOFE9zfZXe-x_rise/NPsvCjFvK2c9STqetVj2xW-ZJ440J-Ae/ckbmtkogx00043g5ynz603sj7" type="http://adlnet.gov/expapi/activities/cmi.interaction">
      <name lang="en-US">How does Anil combine his head and heart to live out his hustle in his everyday work?</name>
      <description lang="en-US"></description>
      <interactionType>choice</interactionType>
      <correctResponsePatterns>
            <correctResponsePattern>choice_ckbmtkogx00043g5ynz603sj7_ckbmtkogx00063g5ypmiq22yg</correctResponsePattern>
            </correctResponsePatterns>
            <choices>
            <component>
        <id>choice_ckbmtkogx00043g5ynz603sj7_ckbmtkogx00053g5yir8cr5u1</id>
        <description lang="en-US">He uses his skills of solving problems and managing relationships as a public relations manager in the entertainment industry.</description>
      </component>
            <component>
        <id>choice_ckbmtkogx00043g5ynz603sj7_ckbmtkogx00063g5ypmiq22yg</id>
        <description lang="en-US">He uses his skills of solving problems through a quantitative and qualitative lens, while impacting the students and teachers that his company serves on a daily basis.</description>
      </component>
            <component>
        <id>choice_ckbmtkogx00043g5ynz603sj7_ckbmv8qf6005y3g5yhx91rq52</id>
        <description lang="en-US">His mentoring skills help him excel as a volunteer mentor in a field he&amp;#39;s passionate about.</description>
      </component>
            <component>
        <id>choice_ckbmtkogx00043g5ynz603sj7_ckbmv8u4l005z3g5ya81ih30e</id>
        <description lang="en-US">He uses his mentoring skills and passion for closing the achievement gap to teach children.</description>
      </component>
            </choices>
          </activity>
              <activity id="http://CVRBwM4pr955T7w5VaRCUOFE9zfZXe-x_rise/cm2sisqk-4l3h7urjPudDiKiPtOLE9uI" type="http://adlnet.gov/expapi/activities/module">
      <name lang="en-US">Wrap-up/blocks</name>
      <description lang="en-US"></description>
    </activity>
        </activities>
</tincan>
