<?xml version="1.0" encoding="utf-8" ?>
<tincan xmlns:xsi="http://www.w3.org/2001/XMLSchema-instance" xmlns:xsd="http://www.w3.org/2001/XMLSchema" xmlns="http://projecttincan.com/tincan.xsd">
  <activities>
    <activity id="http://CVRBwM4pr955T7w5VaRCUOFE9zfZXe-x_rise" type="http://adlnet.gov/expapi/activities/course">
      <name lang="en-US">Unlock Your Hustle</name>
      <description lang="en-US">Discover your inner leader.</description>
      <launch lang="en-US">index.html</launch>
    </activity>
      <activity id="http://CVRBwM4pr955T7w5VaRCUOFE9zfZXe-x_rise/aPW5Bff9bqASfuN01rYBGDlCgCjo3dFn" type="http://adlnet.gov/expapi/activities/module">
      <name lang="en-US">THE REST HERE</name>
      <description lang="en-US"></description>
   </activity>
 </activities>
</tincan>
